qc_id,analyzer_id,level,result,timestamp
QC00001,A001,Abnormal,Pass,2023-01-01 19:46:00
QC00002,A002,Abnormal,Pass,2023-01-01 22:38:00
QC00003,A002,Normal,Pass,2023-01-01 16:14:00
QC00004,A003,Normal,Pass,2023-01-01 16:32:00
QC00005,A004,Normal,Pass,2023-01-01 17:52:00
QC00006,A005,Normal,Pass,2023-01-01 11:47:00
QC00007,A006,Normal,Pass,2023-01-01 20:30:00
QC00008,A001,Normal,Pass,2023-01-02 10:09:00
QC00009,A001,Abnormal,Pass,2023-01-02 13:55:00
QC00010,A002,Normal,Fail,2023-01-02 23:17:00
QC00011,A003,Normal,Pass,2023-01-02 08:46:00
QC00012,A003,Normal,Pass,2023-01-02 14:57:00
QC00013,A004,Abnormal,Pass,2023-01-02 01:08:00
QC00014,A004,Abnormal,Pass,2023-01-02 21:19:00
QC00015,A004,Abnormal,Pass,2023-01-02 13:20:00
QC00016,A005,Normal,Pass,2023-01-02 00:31:00
QC00017,A006,Abnormal,Pass,2023-01-02 13:34:00
QC00018,A006,Abnormal,Pass,2023-01-02 09:10:00
QC00019,A001,Normal,Pass,2023-01-03 07:11:00
QC00020,A001,Abnormal,Pass,2023-01-03 12:29:00
QC00021,A002,Normal,Pass,2023-01-03 12:41:00
QC00022,A002,Abnormal,Pass,2023-01-03 12:20:00
QC00023,A003,Abnormal,Pass,2023-01-03 10:16:00
QC00024,A004,Normal,Fail,2023-01-03 12:57:00
QC00025,A005,Normal,Pass,2023-01-03 10:14:00
QC00026,A005,Normal,Pass,2023-01-03 05:41:00
QC00027,A006,Abnormal,Pass,2023-01-03 00:22:00
QC00028,A001,Abnormal,Pass,2023-01-04 09:17:00
QC00029,A001,Abnormal,Pass,2023-01-04 05:09:00
QC00030,A001,Normal,Pass,2023-01-04 07:02:00
QC00031,A002,Abnormal,Pass,2023-01-04 09:28:00
QC00032,A002,Normal,Pass,2023-01-04 05:11:00
QC00033,A003,Abnormal,Pass,2023-01-04 05:20:00
QC00034,A004,Abnormal,Pass,2023-01-04 01:15:00
QC00035,A005,Abnormal,Pass,2023-01-04 00:36:00
QC00036,A005,Normal,Pass,2023-01-04 02:01:00
QC00037,A005,Normal,Pass,2023-01-04 21:55:00
QC00038,A006,Abnormal,Pass,2023-01-04 02:38:00
QC00039,A006,Abnormal,Pass,2023-01-04 14:20:00
QC00040,A001,Normal,Pass,2023-01-05 00:08:00
QC00041,A001,Abnormal,Pass,2023-01-05 01:43:00
QC00042,A001,Normal,Pass,2023-01-05 10:24:00
QC00043,A002,Abnormal,Pass,2023-01-05 02:49:00
QC00044,A002,Normal,Pass,2023-01-05 08:52:00
QC00045,A003,Abnormal,Pass,2023-01-05 22:34:00
QC00046,A003,Normal,Pass,2023-01-05 13:41:00
QC00047,A004,Normal,Pass,2023-01-05 14:00:00
QC00048,A005,Normal,Pass,2023-01-05 08:10:00
QC00049,A005,Abnormal,Pass,2023-01-05 08:20:00
QC00050,A005,Normal,Fail,2023-01-05 09:36:00
QC00051,A006,Normal,Pass,2023-01-05 22:38:00
QC00052,A006,Normal,Pass,2023-01-05 04:03:00
QC00053,A006,Normal,Pass,2023-01-05 11:05:00
QC00054,A001,Abnormal,Pass,2023-01-06 10:50:00
QC00055,A001,Abnormal,Pass,2023-01-06 16:43:00
QC00056,A002,Normal,Pass,2023-01-06 18:26:00
QC00057,A003,Abnormal,Pass,2023-01-06 19:25:00
QC00058,A003,Abnormal,Pass,2023-01-06 15:06:00
QC00059,A004,Normal,Pass,2023-01-06 15:19:00
QC00060,A005,Abnormal,Pass,2023-01-06 13:59:00
QC00061,A005,Abnormal,Pass,2023-01-06 01:00:00
QC00062,A005,Abnormal,Pass,2023-01-06 09:15:00
QC00063,A006,Normal,Pass,2023-01-06 21:04:00
QC00064,A006,Normal,Pass,2023-01-06 19:02:00
QC00065,A006,Abnormal,Pass,2023-01-06 04:14:00
QC00066,A001,Normal,Pass,2023-01-07 10:42:00
QC00067,A002,Abnormal,Pass,2023-01-07 12:56:00
QC00068,A002,Normal,Pass,2023-01-07 16:50:00
QC00069,A003,Normal,Pass,2023-01-07 21:47:00
QC00070,A003,Normal,Pass,2023-01-07 17:01:00
QC00071,A004,Normal,Pass,2023-01-07 12:18:00
QC00072,A004,Normal,Pass,2023-01-07 11:23:00
QC00073,A005,Normal,Pass,2023-01-07 18:59:00
QC00074,A005,Normal,Pass,2023-01-07 03:43:00
QC00075,A006,Abnormal,Pass,2023-01-07 02:19:00
QC00076,A006,Normal,Pass,2023-01-07 15:26:00
QC00077,A006,Abnormal,Pass,2023-01-07 00:24:00
QC00078,A001,Abnormal,Pass,2023-01-08 12:01:00
QC00079,A001,Abnormal,Pass,2023-01-08 20:50:00
QC00080,A002,Abnormal,Pass,2023-01-08 15:43:00
QC00081,A002,Normal,Pass,2023-01-08 05:28:00
QC00082,A003,Abnormal,Pass,2023-01-08 12:32:00
QC00083,A003,Normal,Pass,2023-01-08 00:32:00
QC00084,A004,Abnormal,Pass,2023-01-08 19:48:00
QC00085,A005,Abnormal,Pass,2023-01-08 08:28:00
QC00086,A005,Abnormal,Pass,2023-01-08 01:30:00
QC00087,A005,Abnormal,Pass,2023-01-08 04:36:00
QC00088,A006,Normal,Pass,2023-01-08 10:22:00
QC00089,A006,Abnormal,Pass,2023-01-08 10:14:00
QC00090,A006,Normal,Pass,2023-01-08 16:39:00
QC00091,A001,Normal,Pass,2023-01-09 19:17:00
QC00092,A001,Normal,Pass,2023-01-09 06:27:00
QC00093,A002,Abnormal,Pass,2023-01-09 12:26:00
QC00094,A002,Normal,Pass,2023-01-09 12:29:00
QC00095,A002,Abnormal,Pass,2023-01-09 22:54:00
QC00096,A003,Abnormal,Pass,2023-01-09 16:54:00
QC00097,A004,Normal,Pass,2023-01-09 20:02:00
QC00098,A005,Abnormal,Pass,2023-01-09 04:54:00
QC00099,A005,Abnormal,Pass,2023-01-09 00:09:00
QC00100,A006,Normal,Pass,2023-01-09 04:11:00
QC00101,A006,Normal,Pass,2023-01-09 09:17:00
QC00102,A006,Abnormal,Pass,2023-01-09 15:01:00
QC00103,A001,Abnormal,Pass,2023-01-10 13:45:00
QC00104,A002,Normal,Pass,2023-01-10 11:09:00
QC00105,A002,Abnormal,Pass,2023-01-10 06:42:00
QC00106,A003,Abnormal,Pass,2023-01-10 10:28:00
QC00107,A003,Normal,Pass,2023-01-10 06:12:00
QC00108,A003,Abnormal,Pass,2023-01-10 22:26:00
QC00109,A004,Abnormal,Pass,2023-01-10 07:37:00
QC00110,A004,Abnormal,Pass,2023-01-10 21:44:00
QC00111,A005,Abnormal,Pass,2023-01-10 08:43:00
QC00112,A006,Abnormal,Pass,2023-01-10 09:20:00
QC00113,A006,Normal,Pass,2023-01-10 03:07:00
QC00114,A006,Normal,Pass,2023-01-10 08:33:00
QC00115,A001,Normal,Pass,2023-01-11 03:18:00
QC00116,A002,Abnormal,Pass,2023-01-11 18:17:00
QC00117,A002,Normal,Fail,2023-01-11 03:07:00
QC00118,A003,Abnormal,Pass,2023-01-11 12:52:00
QC00119,A003,Normal,Pass,2023-01-11 00:14:00
QC00120,A004,Abnormal,Pass,2023-01-11 16:52:00
QC00121,A005,Abnormal,Pass,2023-01-11 18:44:00
QC00122,A005,Normal,Pass,2023-01-11 11:59:00
QC00123,A006,Normal,Pass,2023-01-11 02:53:00
QC00124,A006,Normal,Pass,2023-01-11 01:59:00
QC00125,A001,Abnormal,Pass,2023-01-12 10:26:00
QC00126,A001,Abnormal,Pass,2023-01-12 09:14:00
QC00127,A002,Normal,Pass,2023-01-12 01:37:00
QC00128,A003,Abnormal,Pass,2023-01-12 00:41:00
QC00129,A003,Normal,Pass,2023-01-12 06:02:00
QC00130,A003,Abnormal,Pass,2023-01-12 06:20:00
QC00131,A004,Abnormal,Pass,2023-01-12 22:20:00
QC00132,A004,Abnormal,Pass,2023-01-12 23:36:00
QC00133,A005,Abnormal,Pass,2023-01-12 01:50:00
QC00134,A005,Normal,Pass,2023-01-12 18:12:00
QC00135,A005,Abnormal,Pass,2023-01-12 19:26:00
QC00136,A006,Normal,Pass,2023-01-12 20:12:00
QC00137,A006,Normal,Pass,2023-01-12 00:53:00
QC00138,A006,Normal,Pass,2023-01-12 17:21:00
QC00139,A001,Abnormal,Pass,2023-01-13 09:19:00
QC00140,A002,Abnormal,Pass,2023-01-13 19:26:00
QC00141,A003,Normal,Pass,2023-01-13 12:48:00
QC00142,A003,Abnormal,Pass,2023-01-13 19:24:00
QC00143,A003,Abnormal,Pass,2023-01-13 22:41:00
QC00144,A004,Abnormal,Pass,2023-01-13 02:03:00
QC00145,A004,Normal,Pass,2023-01-13 04:46:00
QC00146,A005,Abnormal,Pass,2023-01-13 18:46:00
QC00147,A005,Normal,Pass,2023-01-13 22:56:00
QC00148,A006,Normal,Pass,2023-01-13 03:21:00
QC00149,A001,Abnormal,Pass,2023-01-14 14:05:00
QC00150,A002,Normal,Pass,2023-01-14 12:34:00
QC00151,A002,Abnormal,Fail,2023-01-14 04:47:00
QC00152,A003,Normal,Pass,2023-01-14 06:34:00
QC00153,A003,Normal,Pass,2023-01-14 20:50:00
QC00154,A004,Abnormal,Pass,2023-01-14 18:00:00
QC00155,A005,Abnormal,Pass,2023-01-14 01:37:00
QC00156,A006,Normal,Pass,2023-01-14 00:32:00
QC00157,A001,Abnormal,Pass,2023-01-15 06:50:00
QC00158,A001,Normal,Pass,2023-01-15 09:09:00
QC00159,A002,Abnormal,Pass,2023-01-15 15:34:00
QC00160,A002,Abnormal,Pass,2023-01-15 19:08:00
QC00161,A003,Abnormal,Pass,2023-01-15 20:24:00
QC00162,A003,Abnormal,Pass,2023-01-15 23:57:00
QC00163,A003,Normal,Pass,2023-01-15 03:08:00
QC00164,A004,Abnormal,Pass,2023-01-15 17:26:00
QC00165,A004,Abnormal,Pass,2023-01-15 14:51:00
QC00166,A004,Normal,Pass,2023-01-15 14:13:00
QC00167,A005,Normal,Pass,2023-01-15 13:31:00
QC00168,A006,Abnormal,Pass,2023-01-15 17:40:00
QC00169,A001,Abnormal,Pass,2023-01-16 09:10:00
QC00170,A001,Normal,Pass,2023-01-16 07:09:00
QC00171,A001,Abnormal,Pass,2023-01-16 10:59:00
QC00172,A002,Normal,Pass,2023-01-16 11:42:00
QC00173,A002,Abnormal,Pass,2023-01-16 05:16:00
QC00174,A003,Abnormal,Pass,2023-01-16 15:55:00
QC00175,A003,Abnormal,Pass,2023-01-16 06:07:00
QC00176,A003,Normal,Pass,2023-01-16 22:39:00
QC00177,A004,Normal,Pass,2023-01-16 02:12:00
QC00178,A004,Normal,Pass,2023-01-16 05:42:00
QC00179,A005,Normal,Pass,2023-01-16 23:29:00
QC00180,A006,Normal,Pass,2023-01-16 12:35:00
QC00181,A001,Abnormal,Pass,2023-01-17 23:34:00
QC00182,A002,Abnormal,Pass,2023-01-17 23:53:00
QC00183,A002,Abnormal,Fail,2023-01-17 09:12:00
QC00184,A002,Normal,Pass,2023-01-17 19:22:00
QC00185,A003,Abnormal,Pass,2023-01-17 13:12:00
QC00186,A003,Abnormal,Pass,2023-01-17 05:24:00
QC00187,A004,Abnormal,Pass,2023-01-17 07:42:00
QC00188,A004,Normal,Pass,2023-01-17 02:57:00
QC00189,A004,Abnormal,Pass,2023-01-17 11:22:00
QC00190,A005,Abnormal,Pass,2023-01-17 17:23:00
QC00191,A006,Abnormal,Pass,2023-01-17 19:35:00
QC00192,A006,Abnormal,Pass,2023-01-17 19:24:00
QC00193,A006,Abnormal,Pass,2023-01-17 21:28:00
QC00194,A001,Abnormal,Pass,2023-01-18 00:40:00
QC00195,A001,Abnormal,Pass,2023-01-18 05:28:00
QC00196,A001,Normal,Pass,2023-01-18 00:12:00
QC00197,A002,Normal,Pass,2023-01-18 07:53:00
QC00198,A003,Normal,Pass,2023-01-18 19:11:00
QC00199,A004,Abnormal,Pass,2023-01-18 21:48:00
QC00200,A004,Abnormal,Pass,2023-01-18 19:46:00
QC00201,A005,Normal,Pass,2023-01-18 04:43:00
QC00202,A006,Normal,Pass,2023-01-18 07:43:00
QC00203,A006,Normal,Pass,2023-01-18 06:57:00
QC00204,A006,Normal,Pass,2023-01-18 08:48:00
QC00205,A001,Normal,Pass,2023-01-19 09:07:00
QC00206,A001,Abnormal,Fail,2023-01-19 19:06:00
QC00207,A001,Normal,Pass,2023-01-19 09:58:00
QC00208,A002,Abnormal,Pass,2023-01-19 16:30:00
QC00209,A002,Normal,Pass,2023-01-19 07:34:00
QC00210,A002,Abnormal,Pass,2023-01-19 18:38:00
QC00211,A003,Normal,Pass,2023-01-19 13:24:00
QC00212,A004,Abnormal,Pass,2023-01-19 14:17:00
QC00213,A004,Normal,Pass,2023-01-19 06:32:00
QC00214,A005,Normal,Pass,2023-01-19 23:20:00
QC00215,A006,Normal,Pass,2023-01-19 03:28:00
QC00216,A006,Normal,Pass,2023-01-19 18:42:00
QC00217,A001,Abnormal,Pass,2023-01-20 09:32:00
QC00218,A001,Abnormal,Pass,2023-01-20 14:59:00
QC00219,A002,Normal,Pass,2023-01-20 20:33:00
QC00220,A002,Abnormal,Pass,2023-01-20 06:00:00
QC00221,A003,Abnormal,Pass,2023-01-20 17:39:00
QC00222,A004,Abnormal,Pass,2023-01-20 02:54:00
QC00223,A004,Abnormal,Pass,2023-01-20 02:22:00
QC00224,A005,Normal,Pass,2023-01-20 04:40:00
QC00225,A005,Abnormal,Pass,2023-01-20 07:33:00
QC00226,A006,Normal,Pass,2023-01-20 19:15:00
QC00227,A006,Normal,Pass,2023-01-20 09:19:00
QC00228,A001,Normal,Pass,2023-01-21 11:15:00
QC00229,A002,Abnormal,Pass,2023-01-21 04:41:00
QC00230,A002,Abnormal,Pass,2023-01-21 20:04:00
QC00231,A002,Abnormal,Pass,2023-01-21 14:24:00
QC00232,A003,Abnormal,Pass,2023-01-21 18:30:00
QC00233,A003,Abnormal,Pass,2023-01-21 18:45:00
QC00234,A004,Normal,Pass,2023-01-21 23:16:00
QC00235,A004,Normal,Pass,2023-01-21 12:43:00
QC00236,A004,Normal,Pass,2023-01-21 22:04:00
QC00237,A005,Normal,Pass,2023-01-21 23:27:00
QC00238,A005,Normal,Pass,2023-01-21 11:08:00
QC00239,A006,Abnormal,Pass,2023-01-21 17:15:00
QC00240,A006,Abnormal,Pass,2023-01-21 16:27:00
QC00241,A001,Normal,Fail,2023-01-22 08:08:00
QC00242,A002,Abnormal,Pass,2023-01-22 04:13:00
QC00243,A002,Abnormal,Pass,2023-01-22 11:46:00
QC00244,A003,Abnormal,Pass,2023-01-22 00:47:00
QC00245,A003,Normal,Pass,2023-01-22 20:24:00
QC00246,A004,Normal,Pass,2023-01-22 23:35:00
QC00247,A005,Abnormal,Pass,2023-01-22 09:10:00
QC00248,A005,Abnormal,Pass,2023-01-22 16:44:00
QC00249,A006,Abnormal,Pass,2023-01-22 11:58:00
QC00250,A006,Normal,Pass,2023-01-22 05:10:00
QC00251,A001,Abnormal,Pass,2023-01-23 01:23:00
QC00252,A002,Normal,Pass,2023-01-23 01:29:00
QC00253,A002,Abnormal,Pass,2023-01-23 20:38:00
QC00254,A002,Normal,Pass,2023-01-23 08:55:00
QC00255,A003,Abnormal,Pass,2023-01-23 11:36:00
QC00256,A004,Normal,Fail,2023-01-23 21:28:00
QC00257,A004,Normal,Pass,2023-01-23 10:10:00
QC00258,A005,Normal,Pass,2023-01-23 18:18:00
QC00259,A005,Normal,Pass,2023-01-23 15:26:00
QC00260,A006,Normal,Pass,2023-01-23 17:04:00
QC00261,A001,Abnormal,Pass,2023-01-24 01:13:00
QC00262,A001,Abnormal,Pass,2023-01-24 07:44:00
QC00263,A001,Normal,Pass,2023-01-24 11:35:00
QC00264,A002,Normal,Pass,2023-01-24 15:15:00
QC00265,A003,Abnormal,Pass,2023-01-24 11:31:00
QC00266,A003,Normal,Pass,2023-01-24 14:49:00
QC00267,A004,Normal,Pass,2023-01-24 22:51:00
QC00268,A004,Normal,Pass,2023-01-24 21:26:00
QC00269,A005,Abnormal,Pass,2023-01-24 19:53:00
QC00270,A005,Abnormal,Pass,2023-01-24 07:22:00
QC00271,A005,Abnormal,Pass,2023-01-24 13:32:00
QC00272,A006,Normal,Fail,2023-01-24 05:24:00
QC00273,A001,Abnormal,Pass,2023-01-25 22:32:00
QC00274,A001,Normal,Pass,2023-01-25 15:12:00
QC00275,A002,Abnormal,Pass,2023-01-25 21:32:00
QC00276,A003,Abnormal,Pass,2023-01-25 19:10:00
QC00277,A003,Abnormal,Pass,2023-01-25 14:47:00
QC00278,A004,Normal,Pass,2023-01-25 07:05:00
QC00279,A004,Normal,Pass,2023-01-25 04:59:00
QC00280,A004,Abnormal,Pass,2023-01-25 14:01:00
QC00281,A005,Abnormal,Pass,2023-01-25 14:58:00
QC00282,A006,Normal,Pass,2023-01-25 07:16:00
QC00283,A001,Abnormal,Fail,2023-01-26 19:36:00
QC00284,A001,Abnormal,Pass,2023-01-26 12:23:00
QC00285,A001,Abnormal,Pass,2023-01-26 20:34:00
QC00286,A002,Normal,Pass,2023-01-26 20:15:00
QC00287,A002,Abnormal,Pass,2023-01-26 03:50:00
QC00288,A003,Abnormal,Pass,2023-01-26 07:30:00
QC00289,A003,Abnormal,Pass,2023-01-26 09:51:00
QC00290,A004,Normal,Pass,2023-01-26 08:28:00
QC00291,A004,Normal,Pass,2023-01-26 00:47:00
QC00292,A005,Abnormal,Pass,2023-01-26 18:42:00
QC00293,A005,Abnormal,Pass,2023-01-26 13:33:00
QC00294,A006,Abnormal,Pass,2023-01-26 12:03:00
QC00295,A001,Normal,Pass,2023-01-27 09:07:00
QC00296,A001,Normal,Pass,2023-01-27 04:25:00
QC00297,A001,Normal,Pass,2023-01-27 20:12:00
QC00298,A002,Abnormal,Pass,2023-01-27 10:14:00
QC00299,A002,Abnormal,Pass,2023-01-27 00:16:00
QC00300,A002,Abnormal,Pass,2023-01-27 18:16:00
QC00301,A003,Abnormal,Pass,2023-01-27 12:18:00
QC00302,A003,Abnormal,Pass,2023-01-27 03:47:00
QC00303,A004,Abnormal,Pass,2023-01-27 22:51:00
QC00304,A004,Abnormal,Pass,2023-01-27 22:40:00
QC00305,A005,Normal,Pass,2023-01-27 20:24:00
QC00306,A006,Abnormal,Pass,2023-01-27 21:27:00
QC00307,A001,Normal,Pass,2023-01-28 13:37:00
QC00308,A001,Abnormal,Pass,2023-01-28 17:39:00
QC00309,A001,Normal,Pass,2023-01-28 05:28:00
QC00310,A002,Normal,Fail,2023-01-28 16:35:00
QC00311,A003,Normal,Pass,2023-01-28 17:07:00
QC00312,A003,Abnormal,Pass,2023-01-28 12:22:00
QC00313,A003,Abnormal,Pass,2023-01-28 12:15:00
QC00314,A004,Normal,Pass,2023-01-28 18:16:00
QC00315,A005,Abnormal,Pass,2023-01-28 02:58:00
QC00316,A005,Abnormal,Pass,2023-01-28 22:43:00
QC00317,A005,Abnormal,Pass,2023-01-28 13:42:00
QC00318,A006,Abnormal,Pass,2023-01-28 18:15:00
QC00319,A001,Abnormal,Pass,2023-01-29 13:07:00
QC00320,A002,Abnormal,Pass,2023-01-29 02:20:00
QC00321,A003,Abnormal,Pass,2023-01-29 19:21:00
QC00322,A003,Normal,Pass,2023-01-29 00:38:00
QC00323,A004,Normal,Fail,2023-01-29 23:17:00
QC00324,A004,Normal,Pass,2023-01-29 05:20:00
QC00325,A005,Abnormal,Pass,2023-01-29 19:52:00
QC00326,A005,Normal,Pass,2023-01-29 04:31:00
QC00327,A006,Normal,Pass,2023-01-29 17:14:00
QC00328,A006,Normal,Pass,2023-01-29 23:40:00
QC00329,A006,Abnormal,Pass,2023-01-29 11:54:00
QC00330,A001,Normal,Fail,2023-01-30 08:23:00
QC00331,A001,Normal,Pass,2023-01-30 07:04:00
QC00332,A001,Normal,Pass,2023-01-30 15:23:00
QC00333,A002,Normal,Pass,2023-01-30 08:42:00
QC00334,A003,Abnormal,Pass,2023-01-30 05:13:00
QC00335,A003,Normal,Pass,2023-01-30 03:05:00
QC00336,A004,Normal,Pass,2023-01-30 02:50:00
QC00337,A004,Abnormal,Pass,2023-01-30 06:00:00
QC00338,A005,Normal,Pass,2023-01-30 06:27:00
QC00339,A005,Abnormal,Pass,2023-01-30 11:54:00
QC00340,A006,Abnormal,Pass,2023-01-30 15:53:00
QC00341,A001,Abnormal,Fail,2023-01-31 04:31:00
QC00342,A002,Normal,Pass,2023-01-31 06:55:00
QC00343,A002,Abnormal,Pass,2023-01-31 05:20:00
QC00344,A003,Abnormal,Pass,2023-01-31 07:46:00
QC00345,A003,Normal,Pass,2023-01-31 21:14:00
QC00346,A004,Abnormal,Pass,2023-01-31 15:25:00
QC00347,A004,Abnormal,Pass,2023-01-31 06:06:00
QC00348,A004,Abnormal,Pass,2023-01-31 12:15:00
QC00349,A005,Normal,Pass,2023-01-31 03:59:00
QC00350,A005,Normal,Pass,2023-01-31 18:11:00
QC00351,A005,Abnormal,Pass,2023-01-31 19:28:00
QC00352,A006,Normal,Pass,2023-01-31 02:41:00
QC00353,A006,Normal,Pass,2023-01-31 07:23:00
QC00354,A001,Abnormal,Pass,2023-02-01 18:21:00
QC00355,A001,Normal,Pass,2023-02-01 14:08:00
QC00356,A002,Abnormal,Pass,2023-02-01 13:28:00
QC00357,A002,Abnormal,Pass,2023-02-01 20:03:00
QC00358,A003,Abnormal,Pass,2023-02-01 01:30:00
QC00359,A003,Normal,Pass,2023-02-01 13:19:00
QC00360,A004,Abnormal,Pass,2023-02-01 16:26:00
QC00361,A004,Normal,Pass,2023-02-01 18:35:00
QC00362,A004,Abnormal,Pass,2023-02-01 04:36:00
QC00363,A005,Normal,Pass,2023-02-01 00:59:00
QC00364,A006,Abnormal,Pass,2023-02-01 09:55:00
QC00365,A006,Abnormal,Pass,2023-02-01 15:22:00
QC00366,A006,Normal,Pass,2023-02-01 19:32:00
QC00367,A001,Abnormal,Pass,2023-02-02 06:59:00
QC00368,A002,Abnormal,Pass,2023-02-02 12:00:00
QC00369,A002,Normal,Pass,2023-02-02 09:00:00
QC00370,A003,Normal,Pass,2023-02-02 12:22:00
QC00371,A003,Abnormal,Pass,2023-02-02 13:36:00
QC00372,A003,Abnormal,Pass,2023-02-02 08:12:00
QC00373,A004,Abnormal,Pass,2023-02-02 22:26:00
QC00374,A004,Normal,Pass,2023-02-02 22:31:00
QC00375,A004,Normal,Pass,2023-02-02 07:00:00
QC00376,A005,Abnormal,Fail,2023-02-02 13:54:00
QC00377,A005,Abnormal,Pass,2023-02-02 12:23:00
QC00378,A006,Abnormal,Pass,2023-02-02 00:10:00
QC00379,A006,Normal,Pass,2023-02-02 08:13:00
QC00380,A006,Abnormal,Pass,2023-02-02 13:11:00
QC00381,A001,Abnormal,Fail,2023-02-03 00:38:00
QC00382,A001,Abnormal,Pass,2023-02-03 17:23:00
QC00383,A001,Abnormal,Fail,2023-02-03 02:27:00
QC00384,A002,Abnormal,Pass,2023-02-03 10:48:00
QC00385,A002,Abnormal,Pass,2023-02-03 17:51:00
QC00386,A002,Normal,Pass,2023-02-03 11:16:00
QC00387,A003,Normal,Pass,2023-02-03 18:51:00
QC00388,A004,Normal,Pass,2023-02-03 12:19:00
QC00389,A004,Normal,Pass,2023-02-03 19:19:00
QC00390,A005,Abnormal,Pass,2023-02-03 14:51:00
QC00391,A005,Abnormal,Pass,2023-02-03 04:20:00
QC00392,A005,Normal,Pass,2023-02-03 02:27:00
QC00393,A006,Abnormal,Pass,2023-02-03 20:15:00
QC00394,A006,Abnormal,Pass,2023-02-03 02:43:00
QC00395,A001,Abnormal,Pass,2023-02-04 10:29:00
QC00396,A002,Abnormal,Pass,2023-02-04 13:21:00
QC00397,A003,Normal,Pass,2023-02-04 14:40:00
QC00398,A003,Normal,Pass,2023-02-04 14:35:00
QC00399,A003,Normal,Pass,2023-02-04 17:47:00
QC00400,A004,Abnormal,Pass,2023-02-04 15:09:00
QC00401,A004,Abnormal,Pass,2023-02-04 11:41:00
QC00402,A004,Abnormal,Pass,2023-02-04 19:37:00
QC00403,A005,Abnormal,Pass,2023-02-04 20:21:00
QC00404,A005,Normal,Pass,2023-02-04 12:57:00
QC00405,A006,Normal,Pass,2023-02-04 10:58:00
QC00406,A001,Abnormal,Pass,2023-02-05 13:50:00
QC00407,A001,Normal,Pass,2023-02-05 19:01:00
QC00408,A001,Abnormal,Pass,2023-02-05 06:00:00
QC00409,A002,Normal,Pass,2023-02-05 13:09:00
QC00410,A003,Normal,Pass,2023-02-05 03:13:00
QC00411,A003,Normal,Pass,2023-02-05 07:17:00
QC00412,A004,Normal,Pass,2023-02-05 13:48:00
QC00413,A004,Abnormal,Pass,2023-02-05 22:44:00
QC00414,A005,Normal,Pass,2023-02-05 11:44:00
QC00415,A005,Normal,Pass,2023-02-05 11:46:00
QC00416,A006,Abnormal,Pass,2023-02-05 07:08:00
QC00417,A001,Abnormal,Pass,2023-02-06 19:08:00
QC00418,A001,Normal,Pass,2023-02-06 00:05:00
QC00419,A002,Abnormal,Pass,2023-02-06 07:01:00
QC00420,A002,Abnormal,Pass,2023-02-06 17:19:00
QC00421,A003,Normal,Pass,2023-02-06 00:55:00
QC00422,A003,Normal,Pass,2023-02-06 14:02:00
QC00423,A003,Normal,Pass,2023-02-06 12:33:00
QC00424,A004,Normal,Pass,2023-02-06 03:10:00
QC00425,A004,Normal,Pass,2023-02-06 14:16:00
QC00426,A005,Abnormal,Fail,2023-02-06 07:10:00
QC00427,A005,Abnormal,Pass,2023-02-06 08:45:00
QC00428,A006,Normal,Fail,2023-02-06 01:31:00
QC00429,A006,Normal,Pass,2023-02-06 05:24:00
QC00430,A006,Abnormal,Pass,2023-02-06 00:17:00
QC00431,A001,Normal,Pass,2023-02-07 18:23:00
QC00432,A001,Normal,Pass,2023-02-07 21:00:00
QC00433,A002,Abnormal,Pass,2023-02-07 09:16:00
QC00434,A002,Normal,Pass,2023-02-07 21:19:00
QC00435,A003,Normal,Pass,2023-02-07 21:43:00
QC00436,A004,Abnormal,Pass,2023-02-07 07:59:00
QC00437,A005,Normal,Pass,2023-02-07 09:47:00
QC00438,A005,Normal,Pass,2023-02-07 09:48:00
QC00439,A006,Abnormal,Pass,2023-02-07 08:15:00
QC00440,A001,Normal,Pass,2023-02-08 02:10:00
QC00441,A001,Normal,Pass,2023-02-08 13:16:00
QC00442,A002,Abnormal,Pass,2023-02-08 04:50:00
QC00443,A002,Abnormal,Pass,2023-02-08 16:48:00
QC00444,A003,Abnormal,Fail,2023-02-08 20:40:00
QC00445,A004,Abnormal,Pass,2023-02-08 00:37:00
QC00446,A004,Abnormal,Pass,2023-02-08 01:47:00
QC00447,A005,Abnormal,Pass,2023-02-08 08:43:00
QC00448,A005,Abnormal,Pass,2023-02-08 17:21:00
QC00449,A006,Abnormal,Pass,2023-02-08 00:44:00
QC00450,A006,Normal,Pass,2023-02-08 05:21:00
QC00451,A001,Abnormal,Pass,2023-02-09 11:33:00
QC00452,A001,Normal,Pass,2023-02-09 03:25:00
QC00453,A001,Normal,Pass,2023-02-09 12:32:00
QC00454,A002,Normal,Pass,2023-02-09 05:03:00
QC00455,A002,Abnormal,Fail,2023-02-09 00:25:00
QC00456,A002,Normal,Pass,2023-02-09 21:48:00
QC00457,A003,Abnormal,Pass,2023-02-09 20:59:00
QC00458,A004,Abnormal,Pass,2023-02-09 20:49:00
QC00459,A004,Abnormal,Pass,2023-02-09 08:57:00
QC00460,A004,Abnormal,Pass,2023-02-09 01:37:00
QC00461,A005,Normal,Pass,2023-02-09 22:26:00
QC00462,A005,Normal,Pass,2023-02-09 00:43:00
QC00463,A006,Normal,Pass,2023-02-09 12:41:00
QC00464,A001,Abnormal,Pass,2023-02-10 15:39:00
QC00465,A001,Normal,Pass,2023-02-10 05:15:00
QC00466,A002,Normal,Fail,2023-02-10 02:40:00
QC00467,A002,Normal,Pass,2023-02-10 20:11:00
QC00468,A003,Normal,Pass,2023-02-10 04:19:00
QC00469,A003,Abnormal,Pass,2023-02-10 08:47:00
QC00470,A003,Abnormal,Pass,2023-02-10 05:15:00
QC00471,A004,Abnormal,Pass,2023-02-10 00:20:00
QC00472,A004,Abnormal,Pass,2023-02-10 02:45:00
QC00473,A004,Abnormal,Pass,2023-02-10 07:20:00
QC00474,A005,Abnormal,Pass,2023-02-10 08:38:00
QC00475,A006,Normal,Pass,2023-02-10 11:03:00
QC00476,A001,Normal,Pass,2023-02-11 07:46:00
QC00477,A001,Normal,Pass,2023-02-11 01:12:00
QC00478,A001,Abnormal,Fail,2023-02-11 00:26:00
QC00479,A002,Normal,Pass,2023-02-11 22:24:00
QC00480,A002,Abnormal,Pass,2023-02-11 01:24:00
QC00481,A002,Abnormal,Pass,2023-02-11 13:40:00
QC00482,A003,Normal,Pass,2023-02-11 21:06:00
QC00483,A003,Abnormal,Pass,2023-02-11 21:34:00
QC00484,A004,Normal,Pass,2023-02-11 00:48:00
QC00485,A005,Abnormal,Pass,2023-02-11 13:57:00
QC00486,A005,Abnormal,Pass,2023-02-11 14:03:00
QC00487,A005,Abnormal,Pass,2023-02-11 16:37:00
QC00488,A006,Normal,Pass,2023-02-11 13:44:00
QC00489,A006,Normal,Pass,2023-02-11 02:20:00
QC00490,A001,Normal,Pass,2023-02-12 17:03:00
QC00491,A002,Abnormal,Pass,2023-02-12 15:38:00
QC00492,A002,Abnormal,Pass,2023-02-12 08:03:00
QC00493,A002,Normal,Pass,2023-02-12 17:03:00
QC00494,A003,Abnormal,Pass,2023-02-12 04:27:00
QC00495,A003,Normal,Pass,2023-02-12 23:32:00
QC00496,A003,Normal,Pass,2023-02-12 02:29:00
QC00497,A004,Normal,Pass,2023-02-12 20:55:00
QC00498,A005,Normal,Pass,2023-02-12 23:30:00
QC00499,A005,Abnormal,Pass,2023-02-12 00:47:00
QC00500,A006,Abnormal,Pass,2023-02-12 13:30:00
QC00501,A001,Abnormal,Pass,2023-02-13 19:19:00
QC00502,A001,Abnormal,Pass,2023-02-13 22:41:00
QC00503,A001,Abnormal,Pass,2023-02-13 13:39:00
QC00504,A002,Abnormal,Pass,2023-02-13 04:57:00
QC00505,A002,Normal,Pass,2023-02-13 04:55:00
QC00506,A003,Normal,Pass,2023-02-13 23:31:00
QC00507,A004,Abnormal,Fail,2023-02-13 03:38:00
QC00508,A005,Abnormal,Pass,2023-02-13 11:49:00
QC00509,A006,Normal,Pass,2023-02-13 09:22:00
QC00510,A001,Normal,Pass,2023-02-14 05:21:00
QC00511,A001,Abnormal,Pass,2023-02-14 02:48:00
QC00512,A002,Abnormal,Pass,2023-02-14 21:15:00
QC00513,A002,Abnormal,Fail,2023-02-14 09:06:00
QC00514,A003,Normal,Pass,2023-02-14 14:18:00
QC00515,A003,Normal,Pass,2023-02-14 20:24:00
QC00516,A003,Normal,Pass,2023-02-14 18:25:00
QC00517,A004,Abnormal,Pass,2023-02-14 00:35:00
QC00518,A005,Normal,Pass,2023-02-14 13:39:00
QC00519,A005,Abnormal,Pass,2023-02-14 23:42:00
QC00520,A005,Abnormal,Pass,2023-02-14 01:13:00
QC00521,A006,Abnormal,Pass,2023-02-14 21:32:00
QC00522,A001,Abnormal,Pass,2023-02-15 05:33:00
QC00523,A001,Normal,Pass,2023-02-15 20:30:00
QC00524,A002,Normal,Pass,2023-02-15 12:37:00
QC00525,A002,Normal,Pass,2023-02-15 21:37:00
QC00526,A003,Normal,Pass,2023-02-15 00:09:00
QC00527,A003,Abnormal,Pass,2023-02-15 01:24:00
QC00528,A004,Abnormal,Pass,2023-02-15 20:49:00
QC00529,A004,Normal,Pass,2023-02-15 16:03:00
QC00530,A005,Normal,Pass,2023-02-15 01:23:00
QC00531,A006,Abnormal,Pass,2023-02-15 18:44:00
QC00532,A006,Abnormal,Pass,2023-02-15 01:04:00
QC00533,A006,Normal,Pass,2023-02-15 08:07:00
QC00534,A001,Normal,Pass,2023-02-16 00:59:00
QC00535,A001,Normal,Fail,2023-02-16 09:10:00
QC00536,A001,Abnormal,Pass,2023-02-16 16:07:00
QC00537,A002,Normal,Pass,2023-02-16 18:13:00
QC00538,A003,Abnormal,Pass,2023-02-16 17:22:00
QC00539,A004,Abnormal,Pass,2023-02-16 19:43:00
QC00540,A004,Abnormal,Pass,2023-02-16 12:15:00
QC00541,A005,Normal,Pass,2023-02-16 14:24:00
QC00542,A005,Normal,Pass,2023-02-16 18:37:00
QC00543,A005,Abnormal,Pass,2023-02-16 06:19:00
QC00544,A006,Normal,Pass,2023-02-16 19:16:00
QC00545,A001,Abnormal,Pass,2023-02-17 07:56:00
QC00546,A002,Abnormal,Pass,2023-02-17 15:15:00
QC00547,A002,Abnormal,Pass,2023-02-17 12:43:00
QC00548,A003,Normal,Pass,2023-02-17 10:26:00
QC00549,A003,Abnormal,Pass,2023-02-17 02:44:00
QC00550,A004,Normal,Pass,2023-02-17 11:56:00
QC00551,A004,Abnormal,Pass,2023-02-17 14:51:00
QC00552,A004,Abnormal,Pass,2023-02-17 17:16:00
QC00553,A005,Abnormal,Pass,2023-02-17 11:19:00
QC00554,A005,Normal,Pass,2023-02-17 06:54:00
QC00555,A005,Normal,Fail,2023-02-17 01:39:00
QC00556,A006,Normal,Fail,2023-02-17 06:11:00
QC00557,A006,Abnormal,Pass,2023-02-17 16:59:00
QC00558,A001,Abnormal,Pass,2023-02-18 17:55:00
QC00559,A002,Normal,Pass,2023-02-18 21:19:00
QC00560,A003,Normal,Pass,2023-02-18 22:01:00
QC00561,A003,Normal,Pass,2023-02-18 04:22:00
QC00562,A003,Normal,Fail,2023-02-18 23:29:00
QC00563,A004,Abnormal,Pass,2023-02-18 16:35:00
QC00564,A004,Normal,Pass,2023-02-18 15:53:00
QC00565,A004,Normal,Pass,2023-02-18 04:25:00
QC00566,A005,Abnormal,Pass,2023-02-18 22:58:00
QC00567,A006,Normal,Pass,2023-02-18 10:56:00
QC00568,A006,Abnormal,Pass,2023-02-18 22:21:00
QC00569,A001,Normal,Pass,2023-02-19 14:10:00
QC00570,A002,Abnormal,Pass,2023-02-19 22:41:00
QC00571,A002,Normal,Pass,2023-02-19 17:14:00
QC00572,A003,Abnormal,Pass,2023-02-19 22:02:00
QC00573,A003,Abnormal,Pass,2023-02-19 05:49:00
QC00574,A004,Normal,Pass,2023-02-19 15:34:00
QC00575,A004,Abnormal,Pass,2023-02-19 19:23:00
QC00576,A004,Abnormal,Pass,2023-02-19 01:18:00
QC00577,A005,Abnormal,Pass,2023-02-19 03:06:00
QC00578,A006,Abnormal,Pass,2023-02-19 05:27:00
QC00579,A006,Normal,Pass,2023-02-19 14:13:00
QC00580,A006,Normal,Fail,2023-02-19 18:38:00
QC00581,A001,Abnormal,Pass,2023-02-20 01:22:00
QC00582,A002,Abnormal,Pass,2023-02-20 21:10:00
QC00583,A002,Normal,Pass,2023-02-20 08:04:00
QC00584,A003,Normal,Pass,2023-02-20 02:19:00
QC00585,A003,Normal,Pass,2023-02-20 04:13:00
QC00586,A004,Normal,Fail,2023-02-20 09:41:00
QC00587,A004,Normal,Pass,2023-02-20 23:53:00
QC00588,A005,Abnormal,Pass,2023-02-20 13:17:00
QC00589,A006,Abnormal,Pass,2023-02-20 00:35:00
QC00590,A006,Normal,Pass,2023-02-20 23:16:00
QC00591,A006,Normal,Pass,2023-02-20 12:15:00
QC00592,A001,Normal,Pass,2023-02-21 11:19:00
QC00593,A001,Abnormal,Pass,2023-02-21 17:13:00
QC00594,A001,Abnormal,Pass,2023-02-21 16:05:00
QC00595,A002,Normal,Pass,2023-02-21 05:44:00
QC00596,A003,Normal,Pass,2023-02-21 04:25:00
QC00597,A003,Abnormal,Pass,2023-02-21 13:16:00
QC00598,A003,Normal,Pass,2023-02-21 09:56:00
QC00599,A004,Abnormal,Pass,2023-02-21 02:48:00
QC00600,A004,Normal,Pass,2023-02-21 12:19:00
QC00601,A004,Abnormal,Pass,2023-02-21 11:12:00
QC00602,A005,Normal,Pass,2023-02-21 22:49:00
QC00603,A006,Abnormal,Pass,2023-02-21 09:13:00
QC00604,A006,Abnormal,Pass,2023-02-21 13:50:00
QC00605,A006,Normal,Pass,2023-02-21 22:41:00
QC00606,A001,Normal,Pass,2023-02-22 05:39:00
QC00607,A002,Abnormal,Pass,2023-02-22 11:13:00
QC00608,A003,Normal,Pass,2023-02-22 13:19:00
QC00609,A004,Normal,Pass,2023-02-22 09:59:00
QC00610,A005,Abnormal,Pass,2023-02-22 15:04:00
QC00611,A005,Normal,Pass,2023-02-22 21:07:00
QC00612,A006,Abnormal,Pass,2023-02-22 21:18:00
QC00613,A001,Abnormal,Pass,2023-02-23 19:52:00
QC00614,A002,Normal,Pass,2023-02-23 20:28:00
QC00615,A003,Abnormal,Pass,2023-02-23 01:46:00
QC00616,A004,Normal,Pass,2023-02-23 15:57:00
QC00617,A004,Abnormal,Pass,2023-02-23 06:56:00
QC00618,A005,Normal,Pass,2023-02-23 01:44:00
QC00619,A005,Normal,Pass,2023-02-23 23:36:00
QC00620,A005,Abnormal,Pass,2023-02-23 22:09:00
QC00621,A006,Normal,Pass,2023-02-23 04:36:00
QC00622,A001,Normal,Pass,2023-02-24 23:09:00
QC00623,A002,Abnormal,Pass,2023-02-24 21:51:00
QC00624,A003,Normal,Pass,2023-02-24 22:57:00
QC00625,A004,Normal,Pass,2023-02-24 03:37:00
QC00626,A005,Abnormal,Pass,2023-02-24 11:51:00
QC00627,A005,Normal,Pass,2023-02-24 03:50:00
QC00628,A006,Abnormal,Pass,2023-02-24 04:41:00
QC00629,A001,Normal,Pass,2023-02-25 19:49:00
QC00630,A001,Normal,Pass,2023-02-25 19:19:00
QC00631,A001,Abnormal,Pass,2023-02-25 11:12:00
QC00632,A002,Abnormal,Pass,2023-02-25 22:15:00
QC00633,A003,Abnormal,Pass,2023-02-25 03:02:00
QC00634,A004,Normal,Pass,2023-02-25 13:51:00
QC00635,A004,Abnormal,Pass,2023-02-25 16:24:00
QC00636,A005,Normal,Fail,2023-02-25 18:06:00
QC00637,A005,Abnormal,Pass,2023-02-25 00:11:00
QC00638,A005,Abnormal,Pass,2023-02-25 11:11:00
QC00639,A006,Abnormal,Pass,2023-02-25 16:07:00
QC00640,A006,Abnormal,Pass,2023-02-25 04:15:00
QC00641,A006,Abnormal,Pass,2023-02-25 21:49:00
QC00642,A001,Normal,Pass,2023-02-26 16:47:00
QC00643,A001,Normal,Pass,2023-02-26 21:15:00
QC00644,A001,Abnormal,Pass,2023-02-26 14:56:00
QC00645,A002,Abnormal,Pass,2023-02-26 00:18:00
QC00646,A003,Normal,Pass,2023-02-26 13:38:00
QC00647,A003,Abnormal,Pass,2023-02-26 17:38:00
QC00648,A003,Abnormal,Pass,2023-02-26 22:19:00
QC00649,A004,Abnormal,Pass,2023-02-26 21:08:00
QC00650,A004,Normal,Pass,2023-02-26 08:38:00
QC00651,A004,Abnormal,Pass,2023-02-26 14:17:00
QC00652,A005,Abnormal,Fail,2023-02-26 21:48:00
QC00653,A006,Normal,Pass,2023-02-26 16:07:00
QC00654,A006,Abnormal,Pass,2023-02-26 20:21:00
QC00655,A006,Abnormal,Pass,2023-02-26 19:28:00
QC00656,A001,Normal,Pass,2023-02-27 02:30:00
QC00657,A001,Normal,Pass,2023-02-27 21:26:00
QC00658,A002,Normal,Fail,2023-02-27 19:38:00
QC00659,A002,Normal,Pass,2023-02-27 02:38:00
QC00660,A003,Normal,Pass,2023-02-27 12:19:00
QC00661,A003,Normal,Pass,2023-02-27 11:20:00
QC00662,A004,Abnormal,Pass,2023-02-27 16:57:00
QC00663,A005,Normal,Pass,2023-02-27 06:49:00
QC00664,A005,Abnormal,Pass,2023-02-27 08:11:00
QC00665,A006,Normal,Pass,2023-02-27 23:20:00
QC00666,A001,Abnormal,Pass,2023-02-28 21:08:00
QC00667,A002,Abnormal,Pass,2023-02-28 21:15:00
QC00668,A002,Normal,Pass,2023-02-28 20:01:00
QC00669,A003,Normal,Pass,2023-02-28 08:36:00
QC00670,A003,Abnormal,Pass,2023-02-28 22:47:00
QC00671,A003,Normal,Pass,2023-02-28 00:42:00
QC00672,A004,Normal,Pass,2023-02-28 07:41:00
QC00673,A004,Normal,Pass,2023-02-28 23:16:00
QC00674,A005,Normal,Pass,2023-02-28 09:14:00
QC00675,A005,Abnormal,Pass,2023-02-28 01:00:00
QC00676,A005,Normal,Pass,2023-02-28 09:51:00
QC00677,A006,Abnormal,Pass,2023-02-28 04:02:00
QC00678,A006,Abnormal,Pass,2023-02-28 11:03:00
QC00679,A006,Normal,Pass,2023-02-28 15:51:00
QC00680,A001,Abnormal,Pass,2023-03-01 10:06:00
QC00681,A001,Normal,Pass,2023-03-01 10:17:00
QC00682,A001,Abnormal,Pass,2023-03-01 10:00:00
QC00683,A002,Abnormal,Pass,2023-03-01 17:02:00
QC00684,A002,Normal,Pass,2023-03-01 02:29:00
QC00685,A002,Normal,Pass,2023-03-01 06:10:00
QC00686,A003,Abnormal,Pass,2023-03-01 06:02:00
QC00687,A003,Abnormal,Pass,2023-03-01 22:48:00
QC00688,A004,Abnormal,Pass,2023-03-01 02:20:00
QC00689,A004,Abnormal,Pass,2023-03-01 19:56:00
QC00690,A005,Normal,Pass,2023-03-01 10:42:00
QC00691,A006,Normal,Pass,2023-03-01 23:16:00
QC00692,A006,Normal,Pass,2023-03-01 10:25:00
QC00693,A001,Normal,Pass,2023-03-02 06:04:00
QC00694,A001,Abnormal,Pass,2023-03-02 19:18:00
QC00695,A002,Abnormal,Pass,2023-03-02 18:48:00
QC00696,A003,Normal,Pass,2023-03-02 08:40:00
QC00697,A003,Normal,Pass,2023-03-02 19:13:00
QC00698,A003,Abnormal,Pass,2023-03-02 20:50:00
QC00699,A004,Normal,Pass,2023-03-02 13:22:00
QC00700,A004,Abnormal,Pass,2023-03-02 14:11:00
QC00701,A005,Abnormal,Pass,2023-03-02 02:37:00
QC00702,A006,Normal,Pass,2023-03-02 12:49:00
QC00703,A001,Normal,Pass,2023-03-03 11:22:00
QC00704,A001,Normal,Pass,2023-03-03 18:48:00
QC00705,A001,Normal,Pass,2023-03-03 02:07:00
QC00706,A002,Normal,Pass,2023-03-03 10:13:00
QC00707,A002,Normal,Pass,2023-03-03 07:01:00
QC00708,A002,Abnormal,Pass,2023-03-03 23:05:00
QC00709,A003,Normal,Pass,2023-03-03 01:59:00
QC00710,A003,Normal,Pass,2023-03-03 16:06:00
QC00711,A004,Normal,Pass,2023-03-03 21:16:00
QC00712,A004,Normal,Pass,2023-03-03 16:16:00
QC00713,A004,Normal,Pass,2023-03-03 09:47:00
QC00714,A005,Normal,Pass,2023-03-03 06:54:00
QC00715,A005,Abnormal,Pass,2023-03-03 04:52:00
QC00716,A006,Abnormal,Pass,2023-03-03 12:38:00
QC00717,A006,Normal,Pass,2023-03-03 09:59:00
QC00718,A006,Abnormal,Pass,2023-03-03 05:50:00
QC00719,A001,Normal,Pass,2023-03-04 13:46:00
QC00720,A001,Abnormal,Pass,2023-03-04 13:17:00
QC00721,A002,Normal,Pass,2023-03-04 16:41:00
QC00722,A002,Normal,Pass,2023-03-04 21:19:00
QC00723,A002,Normal,Pass,2023-03-04 17:45:00
QC00724,A003,Abnormal,Pass,2023-03-04 23:15:00
QC00725,A003,Normal,Pass,2023-03-04 11:49:00
QC00726,A004,Normal,Pass,2023-03-04 20:24:00
QC00727,A004,Abnormal,Pass,2023-03-04 17:00:00
QC00728,A004,Abnormal,Pass,2023-03-04 14:55:00
QC00729,A005,Normal,Pass,2023-03-04 05:28:00
QC00730,A006,Normal,Pass,2023-03-04 00:15:00
QC00731,A006,Normal,Pass,2023-03-04 13:36:00
QC00732,A001,Normal,Pass,2023-03-05 14:49:00
QC00733,A001,Normal,Pass,2023-03-05 21:06:00
QC00734,A001,Abnormal,Pass,2023-03-05 23:08:00
QC00735,A002,Normal,Pass,2023-03-05 07:54:00
QC00736,A002,Normal,Pass,2023-03-05 02:48:00
QC00737,A002,Abnormal,Pass,2023-03-05 13:06:00
QC00738,A003,Abnormal,Pass,2023-03-05 04:52:00
QC00739,A003,Normal,Pass,2023-03-05 05:15:00
QC00740,A003,Abnormal,Pass,2023-03-05 01:41:00
QC00741,A004,Normal,Pass,2023-03-05 07:15:00
QC00742,A004,Abnormal,Pass,2023-03-05 17:13:00
QC00743,A005,Normal,Pass,2023-03-05 00:24:00
QC00744,A006,Abnormal,Pass,2023-03-05 13:20:00
QC00745,A006,Abnormal,Pass,2023-03-05 19:26:00
QC00746,A001,Normal,Pass,2023-03-06 18:39:00
QC00747,A001,Normal,Pass,2023-03-06 21:20:00
QC00748,A002,Abnormal,Pass,2023-03-06 12:23:00
QC00749,A002,Abnormal,Pass,2023-03-06 08:15:00
QC00750,A003,Normal,Pass,2023-03-06 02:31:00
QC00751,A004,Normal,Pass,2023-03-06 13:38:00
QC00752,A004,Normal,Pass,2023-03-06 15:03:00
QC00753,A004,Abnormal,Pass,2023-03-06 09:48:00
QC00754,A005,Abnormal,Pass,2023-03-06 13:25:00
QC00755,A005,Abnormal,Pass,2023-03-06 06:36:00
QC00756,A006,Normal,Pass,2023-03-06 16:10:00
QC00757,A006,Normal,Pass,2023-03-06 23:19:00
QC00758,A006,Abnormal,Fail,2023-03-06 20:16:00
QC00759,A001,Abnormal,Pass,2023-03-07 20:29:00
QC00760,A002,Normal,Pass,2023-03-07 08:39:00
QC00761,A002,Normal,Pass,2023-03-07 23:19:00
QC00762,A002,Abnormal,Pass,2023-03-07 00:06:00
QC00763,A003,Normal,Fail,2023-03-07 10:32:00
QC00764,A004,Abnormal,Pass,2023-03-07 05:34:00
QC00765,A005,Abnormal,Pass,2023-03-07 20:43:00
QC00766,A005,Normal,Pass,2023-03-07 00:14:00
QC00767,A005,Normal,Pass,2023-03-07 01:47:00
QC00768,A006,Abnormal,Pass,2023-03-07 01:02:00
QC00769,A006,Abnormal,Pass,2023-03-07 21:37:00
QC00770,A001,Abnormal,Pass,2023-03-08 05:37:00
QC00771,A001,Abnormal,Pass,2023-03-08 01:30:00
QC00772,A002,Normal,Fail,2023-03-08 05:58:00
QC00773,A003,Abnormal,Pass,2023-03-08 00:03:00
QC00774,A003,Abnormal,Pass,2023-03-08 03:24:00
QC00775,A004,Normal,Pass,2023-03-08 11:42:00
QC00776,A004,Normal,Pass,2023-03-08 13:54:00
QC00777,A004,Abnormal,Pass,2023-03-08 22:41:00
QC00778,A005,Abnormal,Pass,2023-03-08 17:40:00
QC00779,A006,Normal,Pass,2023-03-08 19:47:00
QC00780,A001,Abnormal,Pass,2023-03-09 15:11:00
QC00781,A001,Normal,Pass,2023-03-09 05:40:00
QC00782,A002,Abnormal,Pass,2023-03-09 14:56:00
QC00783,A002,Normal,Pass,2023-03-09 09:35:00
QC00784,A003,Abnormal,Pass,2023-03-09 20:26:00
QC00785,A003,Normal,Pass,2023-03-09 11:39:00
QC00786,A003,Normal,Pass,2023-03-09 10:28:00
QC00787,A004,Abnormal,Pass,2023-03-09 07:26:00
QC00788,A004,Abnormal,Pass,2023-03-09 13:22:00
QC00789,A005,Normal,Pass,2023-03-09 17:40:00
QC00790,A006,Normal,Pass,2023-03-09 05:00:00
QC00791,A001,Normal,Pass,2023-03-10 05:46:00
QC00792,A001,Normal,Pass,2023-03-10 13:00:00
QC00793,A002,Normal,Pass,2023-03-10 03:59:00
QC00794,A002,Normal,Fail,2023-03-10 09:26:00
QC00795,A002,Abnormal,Pass,2023-03-10 13:24:00
QC00796,A003,Abnormal,Pass,2023-03-10 03:15:00
QC00797,A003,Abnormal,Pass,2023-03-10 00:23:00
QC00798,A004,Abnormal,Pass,2023-03-10 10:35:00
QC00799,A005,Abnormal,Pass,2023-03-10 09:48:00
QC00800,A005,Normal,Pass,2023-03-10 11:50:00
QC00801,A005,Normal,Pass,2023-03-10 12:51:00
QC00802,A006,Abnormal,Pass,2023-03-10 01:16:00
QC00803,A006,Normal,Pass,2023-03-10 00:36:00
QC00804,A006,Abnormal,Pass,2023-03-10 11:08:00
QC00805,A001,Abnormal,Pass,2023-03-11 18:30:00
QC00806,A002,Abnormal,Pass,2023-03-11 20:05:00
QC00807,A003,Abnormal,Pass,2023-03-11 05:31:00
QC00808,A003,Normal,Pass,2023-03-11 14:11:00
QC00809,A003,Normal,Pass,2023-03-11 04:59:00
QC00810,A004,Normal,Pass,2023-03-11 19:34:00
QC00811,A005,Normal,Pass,2023-03-11 10:51:00
QC00812,A006,Abnormal,Pass,2023-03-11 21:28:00
QC00813,A001,Abnormal,Pass,2023-03-12 10:41:00
QC00814,A002,Abnormal,Pass,2023-03-12 01:37:00
QC00815,A002,Abnormal,Pass,2023-03-12 10:13:00
QC00816,A003,Normal,Pass,2023-03-12 08:47:00
QC00817,A003,Normal,Pass,2023-03-12 18:40:00
QC00818,A004,Normal,Pass,2023-03-12 09:16:00
QC00819,A004,Normal,Pass,2023-03-12 03:51:00
QC00820,A004,Abnormal,Pass,2023-03-12 21:11:00
QC00821,A005,Abnormal,Pass,2023-03-12 15:25:00
QC00822,A005,Normal,Pass,2023-03-12 16:53:00
QC00823,A005,Abnormal,Pass,2023-03-12 13:10:00
QC00824,A006,Abnormal,Pass,2023-03-12 21:02:00
QC00825,A001,Normal,Pass,2023-03-13 21:46:00
QC00826,A001,Normal,Pass,2023-03-13 10:42:00
QC00827,A001,Abnormal,Pass,2023-03-13 13:37:00
QC00828,A002,Normal,Pass,2023-03-13 17:39:00
QC00829,A003,Abnormal,Pass,2023-03-13 17:23:00
QC00830,A003,Abnormal,Pass,2023-03-13 15:23:00
QC00831,A004,Normal,Pass,2023-03-13 22:09:00
QC00832,A004,Normal,Pass,2023-03-13 13:26:00
QC00833,A005,Abnormal,Pass,2023-03-13 14:31:00
QC00834,A006,Normal,Pass,2023-03-13 03:58:00
QC00835,A006,Abnormal,Pass,2023-03-13 07:20:00
QC00836,A006,Normal,Pass,2023-03-13 20:29:00
QC00837,A001,Abnormal,Pass,2023-03-14 10:31:00
QC00838,A001,Abnormal,Pass,2023-03-14 03:25:00
QC00839,A002,Normal,Pass,2023-03-14 08:33:00
QC00840,A002,Normal,Pass,2023-03-14 07:14:00
QC00841,A002,Abnormal,Pass,2023-03-14 18:47:00
QC00842,A003,Normal,Pass,2023-03-14 17:04:00
QC00843,A003,Abnormal,Pass,2023-03-14 22:57:00
QC00844,A004,Abnormal,Pass,2023-03-14 21:53:00
QC00845,A004,Normal,Pass,2023-03-14 04:15:00
QC00846,A004,Abnormal,Pass,2023-03-14 05:29:00
QC00847,A005,Abnormal,Pass,2023-03-14 08:31:00
QC00848,A006,Normal,Pass,2023-03-14 01:19:00
QC00849,A006,Abnormal,Pass,2023-03-14 22:53:00
QC00850,A006,Abnormal,Fail,2023-03-14 07:28:00
QC00851,A001,Abnormal,Pass,2023-03-15 00:02:00
QC00852,A002,Abnormal,Pass,2023-03-15 06:25:00
QC00853,A002,Normal,Pass,2023-03-15 03:57:00
QC00854,A003,Abnormal,Pass,2023-03-15 00:07:00
QC00855,A003,Abnormal,Pass,2023-03-15 06:04:00
QC00856,A003,Abnormal,Pass,2023-03-15 00:31:00
QC00857,A004,Normal,Pass,2023-03-15 17:55:00
QC00858,A004,Abnormal,Pass,2023-03-15 14:56:00
QC00859,A005,Normal,Pass,2023-03-15 06:29:00
QC00860,A006,Normal,Pass,2023-03-15 22:13:00
QC00861,A001,Abnormal,Pass,2023-03-16 22:07:00
QC00862,A001,Abnormal,Pass,2023-03-16 04:24:00
QC00863,A001,Normal,Pass,2023-03-16 06:42:00
QC00864,A002,Abnormal,Pass,2023-03-16 16:07:00
QC00865,A002,Abnormal,Pass,2023-03-16 09:41:00
QC00866,A003,Abnormal,Pass,2023-03-16 20:42:00
QC00867,A003,Normal,Pass,2023-03-16 04:19:00
QC00868,A004,Abnormal,Pass,2023-03-16 13:01:00
QC00869,A005,Normal,Pass,2023-03-16 23:17:00
QC00870,A006,Abnormal,Pass,2023-03-16 04:57:00
QC00871,A006,Abnormal,Pass,2023-03-16 05:34:00
QC00872,A006,Normal,Pass,2023-03-16 06:15:00
QC00873,A001,Abnormal,Pass,2023-03-17 14:12:00
QC00874,A001,Normal,Pass,2023-03-17 20:42:00
QC00875,A002,Abnormal,Pass,2023-03-17 20:14:00
QC00876,A002,Normal,Pass,2023-03-17 18:13:00
QC00877,A003,Abnormal,Pass,2023-03-17 18:18:00
QC00878,A003,Abnormal,Pass,2023-03-17 11:45:00
QC00879,A004,Abnormal,Pass,2023-03-17 06:18:00
QC00880,A005,Abnormal,Pass,2023-03-17 01:23:00
QC00881,A005,Abnormal,Pass,2023-03-17 18:22:00
QC00882,A005,Normal,Pass,2023-03-17 06:28:00
QC00883,A006,Normal,Pass,2023-03-17 23:11:00
QC00884,A001,Normal,Pass,2023-03-18 22:57:00
QC00885,A002,Normal,Pass,2023-03-18 02:53:00
QC00886,A003,Normal,Pass,2023-03-18 14:46:00
QC00887,A003,Normal,Pass,2023-03-18 17:39:00
QC00888,A003,Normal,Pass,2023-03-18 14:44:00
QC00889,A004,Normal,Pass,2023-03-18 22:02:00
QC00890,A004,Abnormal,Pass,2023-03-18 00:57:00
QC00891,A005,Normal,Pass,2023-03-18 18:01:00
QC00892,A005,Abnormal,Pass,2023-03-18 06:39:00
QC00893,A006,Normal,Pass,2023-03-18 14:08:00
QC00894,A001,Normal,Pass,2023-03-19 17:17:00
QC00895,A001,Normal,Pass,2023-03-19 13:50:00
QC00896,A001,Normal,Pass,2023-03-19 08:41:00
QC00897,A002,Abnormal,Pass,2023-03-19 22:26:00
QC00898,A002,Abnormal,Pass,2023-03-19 02:32:00
QC00899,A002,Normal,Pass,2023-03-19 08:52:00
QC00900,A003,Normal,Pass,2023-03-19 15:30:00
QC00901,A004,Abnormal,Pass,2023-03-19 12:30:00
QC00902,A005,Abnormal,Pass,2023-03-19 05:19:00
QC00903,A005,Normal,Pass,2023-03-19 10:49:00
QC00904,A005,Normal,Pass,2023-03-19 00:34:00
QC00905,A006,Normal,Pass,2023-03-19 22:40:00
QC00906,A006,Normal,Pass,2023-03-19 12:42:00
QC00907,A001,Normal,Pass,2023-03-20 03:02:00
QC00908,A001,Normal,Pass,2023-03-20 05:45:00
QC00909,A001,Abnormal,Pass,2023-03-20 05:42:00
QC00910,A002,Abnormal,Pass,2023-03-20 19:18:00
QC00911,A002,Normal,Pass,2023-03-20 00:07:00
QC00912,A002,Abnormal,Pass,2023-03-20 04:54:00
QC00913,A003,Normal,Pass,2023-03-20 07:49:00
QC00914,A003,Abnormal,Pass,2023-03-20 12:35:00
QC00915,A003,Normal,Pass,2023-03-20 19:35:00
QC00916,A004,Abnormal,Pass,2023-03-20 20:03:00
QC00917,A005,Abnormal,Pass,2023-03-20 01:52:00
QC00918,A005,Abnormal,Pass,2023-03-20 20:09:00
QC00919,A006,Abnormal,Pass,2023-03-20 13:20:00
QC00920,A001,Abnormal,Pass,2023-03-21 17:39:00
QC00921,A001,Normal,Pass,2023-03-21 13:01:00
QC00922,A001,Abnormal,Pass,2023-03-21 05:39:00
QC00923,A002,Abnormal,Pass,2023-03-21 03:59:00
QC00924,A003,Normal,Pass,2023-03-21 12:16:00
QC00925,A003,Normal,Pass,2023-03-21 09:26:00
QC00926,A004,Abnormal,Pass,2023-03-21 18:23:00
QC00927,A004,Normal,Pass,2023-03-21 03:04:00
QC00928,A004,Abnormal,Pass,2023-03-21 05:40:00
QC00929,A005,Abnormal,Pass,2023-03-21 22:17:00
QC00930,A006,Abnormal,Pass,2023-03-21 09:32:00
QC00931,A006,Abnormal,Pass,2023-03-21 20:44:00
QC00932,A001,Abnormal,Pass,2023-03-22 00:59:00
QC00933,A002,Abnormal,Pass,2023-03-22 10:31:00
QC00934,A003,Abnormal,Pass,2023-03-22 02:54:00
QC00935,A004,Normal,Pass,2023-03-22 02:07:00
QC00936,A004,Normal,Pass,2023-03-22 15:37:00
QC00937,A004,Normal,Pass,2023-03-22 08:40:00
QC00938,A005,Abnormal,Pass,2023-03-22 05:35:00
QC00939,A006,Abnormal,Pass,2023-03-22 23:08:00
QC00940,A001,Normal,Pass,2023-03-23 09:52:00
QC00941,A001,Abnormal,Pass,2023-03-23 15:13:00
QC00942,A002,Abnormal,Pass,2023-03-23 18:40:00
QC00943,A002,Abnormal,Pass,2023-03-23 04:47:00
QC00944,A003,Normal,Pass,2023-03-23 03:34:00
QC00945,A003,Normal,Fail,2023-03-23 23:12:00
QC00946,A003,Normal,Pass,2023-03-23 14:07:00
QC00947,A004,Normal,Pass,2023-03-23 21:58:00
QC00948,A004,Normal,Pass,2023-03-23 06:11:00
QC00949,A004,Normal,Pass,2023-03-23 14:35:00
QC00950,A005,Normal,Pass,2023-03-23 19:55:00
QC00951,A005,Abnormal,Pass,2023-03-23 19:05:00
QC00952,A006,Abnormal,Pass,2023-03-23 04:56:00
QC00953,A001,Normal,Pass,2023-03-24 15:32:00
QC00954,A002,Abnormal,Pass,2023-03-24 00:56:00
QC00955,A003,Normal,Pass,2023-03-24 00:22:00
QC00956,A003,Abnormal,Pass,2023-03-24 05:29:00
QC00957,A004,Abnormal,Pass,2023-03-24 20:06:00
QC00958,A005,Normal,Pass,2023-03-24 08:05:00
QC00959,A005,Abnormal,Pass,2023-03-24 08:00:00
QC00960,A006,Abnormal,Pass,2023-03-24 20:58:00
QC00961,A006,Abnormal,Pass,2023-03-24 08:59:00
QC00962,A001,Abnormal,Pass,2023-03-25 03:27:00
QC00963,A002,Normal,Pass,2023-03-25 09:49:00
QC00964,A002,Normal,Pass,2023-03-25 04:26:00
QC00965,A002,Normal,Pass,2023-03-25 21:32:00
QC00966,A003,Normal,Pass,2023-03-25 17:36:00
QC00967,A003,Abnormal,Fail,2023-03-25 13:59:00
QC00968,A003,Normal,Pass,2023-03-25 09:33:00
QC00969,A004,Normal,Pass,2023-03-25 00:48:00
QC00970,A004,Normal,Pass,2023-03-25 23:58:00
QC00971,A005,Abnormal,Pass,2023-03-25 22:33:00
QC00972,A006,Normal,Pass,2023-03-25 00:30:00
QC00973,A006,Abnormal,Pass,2023-03-25 20:28:00
QC00974,A001,Normal,Pass,2023-03-26 01:03:00
QC00975,A002,Normal,Pass,2023-03-26 06:29:00
QC00976,A002,Normal,Pass,2023-03-26 02:17:00
QC00977,A002,Normal,Fail,2023-03-26 15:57:00
QC00978,A003,Normal,Pass,2023-03-26 22:34:00
QC00979,A003,Normal,Pass,2023-03-26 21:10:00
QC00980,A003,Abnormal,Pass,2023-03-26 18:18:00
QC00981,A004,Normal,Pass,2023-03-26 04:40:00
QC00982,A004,Abnormal,Pass,2023-03-26 06:28:00
QC00983,A005,Abnormal,Pass,2023-03-26 03:42:00
QC00984,A005,Abnormal,Pass,2023-03-26 11:25:00
QC00985,A006,Normal,Pass,2023-03-26 03:37:00
QC00986,A006,Abnormal,Pass,2023-03-26 23:09:00
QC00987,A001,Normal,Pass,2023-03-27 17:28:00
QC00988,A001,Abnormal,Pass,2023-03-27 06:46:00
QC00989,A001,Abnormal,Pass,2023-03-27 12:49:00
QC00990,A002,Abnormal,Pass,2023-03-27 19:45:00
QC00991,A002,Abnormal,Pass,2023-03-27 06:22:00
QC00992,A002,Normal,Pass,2023-03-27 11:18:00
QC00993,A003,Normal,Pass,2023-03-27 13:35:00
QC00994,A003,Abnormal,Pass,2023-03-27 01:55:00
QC00995,A003,Normal,Pass,2023-03-27 08:41:00
QC00996,A004,Abnormal,Pass,2023-03-27 06:30:00
QC00997,A004,Abnormal,Pass,2023-03-27 05:25:00
QC00998,A004,Normal,Pass,2023-03-27 07:51:00
QC00999,A005,Abnormal,Pass,2023-03-27 23:10:00
QC01000,A005,Abnormal,Pass,2023-03-27 18:27:00
QC01001,A006,Abnormal,Pass,2023-03-27 06:10:00
QC01002,A006,Abnormal,Pass,2023-03-27 05:36:00
QC01003,A006,Abnormal,Pass,2023-03-27 10:52:00
QC01004,A001,Abnormal,Pass,2023-03-28 16:22:00
QC01005,A002,Normal,Pass,2023-03-28 09:06:00
QC01006,A002,Abnormal,Pass,2023-03-28 04:20:00
QC01007,A003,Abnormal,Pass,2023-03-28 18:12:00
QC01008,A004,Abnormal,Pass,2023-03-28 17:11:00
QC01009,A004,Abnormal,Pass,2023-03-28 00:01:00
QC01010,A005,Abnormal,Pass,2023-03-28 20:10:00
QC01011,A006,Normal,Pass,2023-03-28 02:51:00
QC01012,A006,Normal,Pass,2023-03-28 03:10:00
QC01013,A001,Normal,Pass,2023-03-29 10:09:00
QC01014,A001,Abnormal,Pass,2023-03-29 04:12:00
QC01015,A002,Normal,Pass,2023-03-29 17:43:00
QC01016,A002,Normal,Pass,2023-03-29 22:47:00
QC01017,A003,Abnormal,Pass,2023-03-29 19:54:00
QC01018,A003,Normal,Pass,2023-03-29 00:08:00
QC01019,A003,Abnormal,Pass,2023-03-29 01:05:00
QC01020,A004,Normal,Pass,2023-03-29 10:12:00
QC01021,A005,Abnormal,Pass,2023-03-29 16:31:00
QC01022,A005,Normal,Pass,2023-03-29 05:24:00
QC01023,A006,Abnormal,Pass,2023-03-29 22:43:00
QC01024,A006,Normal,Pass,2023-03-29 23:28:00
QC01025,A001,Normal,Pass,2023-03-30 19:00:00
QC01026,A001,Abnormal,Pass,2023-03-30 23:08:00
QC01027,A001,Normal,Pass,2023-03-30 16:01:00
QC01028,A002,Normal,Pass,2023-03-30 14:54:00
QC01029,A002,Normal,Pass,2023-03-30 21:20:00
QC01030,A002,Abnormal,Pass,2023-03-30 20:27:00
QC01031,A003,Abnormal,Pass,2023-03-30 14:01:00
QC01032,A003,Abnormal,Pass,2023-03-30 10:00:00
QC01033,A004,Abnormal,Pass,2023-03-30 18:05:00
QC01034,A005,Abnormal,Pass,2023-03-30 04:30:00
QC01035,A005,Abnormal,Pass,2023-03-30 19:39:00
QC01036,A006,Normal,Fail,2023-03-30 01:25:00
QC01037,A006,Normal,Pass,2023-03-30 05:12:00
QC01038,A006,Abnormal,Pass,2023-03-30 11:00:00
QC01039,A001,Abnormal,Pass,2023-03-31 21:08:00
QC01040,A001,Normal,Pass,2023-03-31 15:58:00
QC01041,A002,Normal,Pass,2023-03-31 20:18:00
QC01042,A002,Abnormal,Pass,2023-03-31 22:23:00
QC01043,A003,Normal,Pass,2023-03-31 18:48:00
QC01044,A003,Normal,Pass,2023-03-31 04:39:00
QC01045,A004,Normal,Pass,2023-03-31 02:38:00
QC01046,A004,Abnormal,Pass,2023-03-31 18:01:00
QC01047,A005,Normal,Pass,2023-03-31 06:24:00
QC01048,A006,Normal,Pass,2023-03-31 22:04:00
QC01049,A006,Abnormal,Pass,2023-03-31 03:46:00
